index,output,source
1,public/images/gallery/001.jpg,public/images/IG portfolio/1D92D9F0-B236-48F9-9234-9F9C5251E16A.jpg
2,public/images/gallery/002.jpg,public/images/IG portfolio/35382367-598A-40DF-A689-BD7CDFA17325.jpg
3,public/images/gallery/003.jpg,public/images/IG portfolio/75F63ECD-0C9D-4447-B4B6-C7FE8F5A79EF.jpg
4,public/images/gallery/004.jpg,public/images/IG portfolio/7E644387-E01E-48C6-91BF-046E8221CA30.jpg
5,public/images/gallery/005.jpg,public/images/IG portfolio/85726F4E-4CAC-4FBE-B96A-17F255385A81.jpg
6,public/images/gallery/006.jpg,public/images/IG portfolio/92754342-0A8C-4A0F-9171-995AA6D497EC.jpg
7,public/images/gallery/007.jpg,public/images/IG portfolio/about-portrait.JPG
8,public/images/gallery/008.jpg,public/images/IG portfolio/BCF8EBC9-15AF-4328-81C3-BA2233BE3CE6.jpg
9,public/images/gallery/009.jpg,public/images/IG portfolio/C627613A-DAB7-41B8-8C1D-5384BEBBB0E3.jpg
10,public/images/gallery/010.jpg,public/images/IG portfolio/CE94149A-D69F-474C-B591-1AEB8A7C7655.jpg
11,public/images/gallery/011.jpg,public/images/IG portfolio/F43BC8FA-7678-44AF-A07A-B6DDE603C4B6.jpg
12,public/images/gallery/012.jpg,public/images/IG portfolio/FD149023-486B-4C4C-ACB4-2A841FF283C4.jpg
13,public/images/gallery/013.jpg,public/images/IG portfolio/hero-cover.JPG
14,public/images/gallery/014.jpg,public/images/IG portfolio/IMG_0168.JPG
15,public/images/gallery/015.jpg,public/images/IG portfolio/IMG_0183.JPG
16,public/images/gallery/016.jpg,public/images/IG portfolio/IMG_0213.JPG
17,public/images/gallery/017.jpg,public/images/IG portfolio/IMG_0505.JPG
18,public/images/gallery/018.jpg,public/images/IG portfolio/IMG_0674.JPG
19,public/images/gallery/019.jpg,public/images/IG portfolio/IMG_0788.JPG
20,public/images/gallery/020.jpg,public/images/IG portfolio/IMG_0841.JPG
21,public/images/gallery/021.jpg,public/images/IG portfolio/IMG_0842.JPG
22,public/images/gallery/022.jpg,public/images/IG portfolio/IMG_0848.JPG
23,public/images/gallery/023.jpg,public/images/IG portfolio/IMG_0862.JPG
24,public/images/gallery/024.jpg,public/images/IG portfolio/IMG_0863.JPG
25,public/images/gallery/025.jpg,public/images/IG portfolio/IMG_0868.JPG
26,public/images/gallery/026.jpg,public/images/IG portfolio/IMG_0901.JPG
27,public/images/gallery/027.jpg,public/images/IG portfolio/IMG_0903.JPG
28,public/images/gallery/028.jpg,public/images/IG portfolio/IMG_0904.JPG
29,public/images/gallery/029.jpg,public/images/IG portfolio/IMG_1050.JPG
30,public/images/gallery/030.jpg,public/images/IG portfolio/IMG_1187.JPG
31,public/images/gallery/031.jpg,public/images/IG portfolio/IMG_1324.JPG
32,public/images/gallery/032.jpg,public/images/IG portfolio/IMG_1329.JPG
33,public/images/gallery/033.jpg,public/images/IG portfolio/IMG_1332.JPG
34,public/images/gallery/034.jpg,public/images/IG portfolio/IMG_1334.JPG
35,public/images/gallery/035.jpg,public/images/IG portfolio/IMG_1336.JPG
36,public/images/gallery/036.jpg,public/images/IG portfolio/IMG_1473.JPG
37,public/images/gallery/037.jpg,public/images/IG portfolio/IMG_1475.JPG
38,public/images/gallery/038.jpg,public/images/IG portfolio/IMG_1487.JPG
39,public/images/gallery/039.jpg,public/images/IG portfolio/IMG_1488.JPG
40,public/images/gallery/040.jpg,public/images/IG portfolio/IMG_1490.JPG
41,public/images/gallery/041.jpg,public/images/IG portfolio/IMG_1506.JPG
42,public/images/gallery/042.jpg,public/images/IG portfolio/IMG_1507.JPG
43,public/images/gallery/043.jpg,public/images/IG portfolio/IMG_1509.JPG
44,public/images/gallery/044.jpg,public/images/IG portfolio/IMG_1793.JPG
45,public/images/gallery/045.jpg,public/images/IG portfolio/IMG_1797.JPG
46,public/images/gallery/046.jpg,public/images/IG portfolio/IMG_1801.JPG
47,public/images/gallery/047.jpg,public/images/IG portfolio/IMG_1804.JPG
48,public/images/gallery/048.jpg,public/images/IG portfolio/IMG_1902.JPG
49,public/images/gallery/049.jpg,public/images/IG portfolio/IMG_2024.JPG
50,public/images/gallery/050.jpg,public/images/IG portfolio/IMG_2036.JPG
51,public/images/gallery/051.jpg,public/images/IG portfolio/IMG_2065.JPG
52,public/images/gallery/052.jpg,public/images/IG portfolio/IMG_2066.JPG
53,public/images/gallery/053.jpg,public/images/IG portfolio/IMG_2067.JPG
54,public/images/gallery/054.jpg,public/images/IG portfolio/IMG_2069.JPG
55,public/images/gallery/055.jpg,public/images/IG portfolio/IMG_2070.JPG
56,public/images/gallery/056.jpg,public/images/IG portfolio/IMG_2071.JPG
57,public/images/gallery/057.jpg,public/images/IG portfolio/IMG_2072.JPG
58,public/images/gallery/058.jpg,public/images/IG portfolio/IMG_2073.JPG
59,public/images/gallery/059.jpg,public/images/IG portfolio/IMG_2074.JPG
60,public/images/gallery/060.jpg,public/images/IG portfolio/IMG_2075.JPG
61,public/images/gallery/061.jpg,public/images/IG portfolio/IMG_2076.JPG
62,public/images/gallery/062.jpg,public/images/IG portfolio/IMG_2078.JPG
63,public/images/gallery/063.jpg,public/images/IG portfolio/IMG_2079.JPG
64,public/images/gallery/064.jpg,public/images/IG portfolio/IMG_2080.JPG
65,public/images/gallery/065.jpg,public/images/IG portfolio/IMG_2081.JPG
66,public/images/gallery/066.jpg,public/images/IG portfolio/IMG_2082.JPG
67,public/images/gallery/067.jpg,public/images/IG portfolio/IMG_2083.JPG
68,public/images/gallery/068.jpg,public/images/IG portfolio/IMG_2084.JPG
69,public/images/gallery/069.jpg,public/images/IG portfolio/IMG_2085.JPG
70,public/images/gallery/070.jpg,public/images/IG portfolio/IMG_2086.JPG
71,public/images/gallery/071.jpg,public/images/IG portfolio/IMG_2087.JPG
72,public/images/gallery/072.jpg,public/images/IG portfolio/IMG_2091.JPG
73,public/images/gallery/073.jpg,public/images/IG portfolio/IMG_2165.JPG
74,public/images/gallery/074.jpg,public/images/IG portfolio/IMG_2305.JPG
75,public/images/gallery/075.jpg,public/images/IG portfolio/IMG_2374.JPG
76,public/images/gallery/076.jpg,public/images/IG portfolio/IMG_2535.JPG
77,public/images/gallery/077.jpg,public/images/IG portfolio/IMG_2535(1).JPG
78,public/images/gallery/078.jpg,public/images/IG portfolio/IMG_2540.JPG
79,public/images/gallery/079.jpg,public/images/IG portfolio/IMG_2541.JPG
80,public/images/gallery/080.jpg,public/images/IG portfolio/IMG_2542.JPG
81,public/images/gallery/081.jpg,public/images/IG portfolio/IMG_2543.JPG
82,public/images/gallery/082.jpg,public/images/IG portfolio/IMG_2548.JPG
83,public/images/gallery/083.jpg,public/images/IG portfolio/IMG_2560.JPG
84,public/images/gallery/084.jpg,public/images/IG portfolio/IMG_2931.JPG
85,public/images/gallery/085.jpg,public/images/IG portfolio/IMG_2932.JPG
86,public/images/gallery/086.jpg,public/images/IG portfolio/IMG_2933.JPG
87,public/images/gallery/087.jpg,public/images/IG portfolio/IMG_2936.JPG
88,public/images/gallery/088.jpg,public/images/IG portfolio/IMG_2937.JPG
89,public/images/gallery/089.jpg,public/images/IG portfolio/IMG_2938.JPG
90,public/images/gallery/090.jpg,public/images/IG portfolio/IMG_2973.JPG
91,public/images/gallery/091.jpg,public/images/IG portfolio/IMG_2980.JPG
92,public/images/gallery/092.jpg,public/images/IG portfolio/IMG_3239.JPG
93,public/images/gallery/093.jpg,public/images/IG portfolio/IMG_3240.JPG
94,public/images/gallery/094.jpg,public/images/IG portfolio/IMG_3289.JPG
95,public/images/gallery/095.jpg,public/images/IG portfolio/IMG_3290.JPG
96,public/images/gallery/096.jpg,public/images/IG portfolio/IMG_3294.JPG
97,public/images/gallery/097.jpg,public/images/IG portfolio/IMG_3295.JPG
98,public/images/gallery/098.jpg,public/images/IG portfolio/IMG_3551.JPG
99,public/images/gallery/099.jpg,public/images/IG portfolio/IMG_3560.JPG
100,public/images/gallery/100.jpg,public/images/IG portfolio/IMG_3562.JPG
101,public/images/gallery/101.jpg,public/images/IG portfolio/IMG_3627.JPG
102,public/images/gallery/102.jpg,public/images/IG portfolio/IMG_3633.JPG
103,public/images/gallery/103.jpg,public/images/IG portfolio/IMG_3969.JPG
104,public/images/gallery/104.jpg,public/images/IG portfolio/IMG_3976.JPG
105,public/images/gallery/105.jpg,public/images/IG portfolio/IMG_3978.JPG
106,public/images/gallery/106.jpg,public/images/IG portfolio/IMG_3980.JPG
107,public/images/gallery/107.jpg,public/images/IG portfolio/IMG_4066.JPG
108,public/images/gallery/108.jpg,public/images/IG portfolio/IMG_4069.JPG
109,public/images/gallery/109.jpg,public/images/IG portfolio/IMG_4070.JPG
110,public/images/gallery/110.jpg,public/images/IG portfolio/IMG_4098.JPG
111,public/images/gallery/111.jpg,public/images/IG portfolio/IMG_5919.JPG
112,public/images/gallery/112.jpg,public/images/IG portfolio/IMG_5920.JPG
113,public/images/gallery/113.jpg,public/images/IG portfolio/IMG_6711.JPG
114,public/images/gallery/114.jpg,public/images/IG portfolio/IMG_6726.JPG
115,public/images/gallery/115.jpg,public/images/IG portfolio/IMG_6897.JPG 的副本.jpg
116,public/images/gallery/116.jpg,public/images/IG portfolio/IMG_6913.JPG 的副本.jpg
117,public/images/gallery/117.jpg,public/images/IG portfolio/IMG_6932.JPG 的副本.jpg
118,public/images/gallery/118.jpg,public/images/IG portfolio/IMG_7401.JPG
119,public/images/gallery/119.jpg,public/images/IG portfolio/IMG_7404.JPG
120,public/images/gallery/120.jpg,public/images/IG portfolio/IMG_7405.JPG
121,public/images/gallery/121.jpg,public/images/IG portfolio/IMG_7406.JPG
122,public/images/gallery/122.jpg,public/images/IG portfolio/IMG_7408.JPG
123,public/images/gallery/123.jpg,public/images/IG portfolio/IMG_7410.JPG
124,public/images/gallery/124.jpg,public/images/IG portfolio/IMG_7420.JPG
125,public/images/gallery/125.jpg,public/images/IG portfolio/IMG_7421.JPG
126,public/images/gallery/126.jpg,public/images/IG portfolio/IMG_7422.JPG
127,public/images/gallery/127.jpg,public/images/IG portfolio/IMG_7423.JPG
128,public/images/gallery/128.jpg,public/images/IG portfolio/IMG_7471.JPG
129,public/images/gallery/129.jpg,public/images/IG portfolio/IMG_7475.JPG
130,public/images/gallery/130.jpg,public/images/IG portfolio/IMG_7480.JPG
131,public/images/gallery/131.jpg,public/images/IG portfolio/IMG_7487.JPG
132,public/images/gallery/132.jpg,public/images/IG portfolio/IMG_7494.JPG
133,public/images/gallery/133.jpg,public/images/IG portfolio/IMG_7497.JPG
134,public/images/gallery/134.jpg,public/images/IG portfolio/IMG_7503.JPG
135,public/images/gallery/135.jpg,public/images/IG portfolio/IMG_7537.JPG
136,public/images/gallery/136.jpg,public/images/IG portfolio/IMG_7539.JPG
137,public/images/gallery/137.jpg,public/images/IG portfolio/IMG_7565.JPG
138,public/images/gallery/138.jpg,public/images/IG portfolio/IMG_7566.JPG
139,public/images/gallery/139.jpg,public/images/IG portfolio/IMG_7567.JPG
140,public/images/gallery/140.jpg,public/images/IG portfolio/IMG_7608.JPG
141,public/images/gallery/141.jpg,public/images/IG portfolio/IMG_7609.JPG
142,public/images/gallery/142.jpg,public/images/IG portfolio/IMG_8375.JPG
143,public/images/gallery/143.jpg,public/images/IG portfolio/IMG_8376.JPG
144,public/images/gallery/144.jpg,public/images/IG portfolio/IMG_8377.JPG
145,public/images/gallery/145.jpg,public/images/IG portfolio/IMG_8426.JPG
146,public/images/gallery/146.jpg,public/images/IG portfolio/IMG_8437.JPG
147,public/images/gallery/147.jpg,public/images/IG portfolio/IMG_8438.JPG
148,public/images/gallery/148.jpg,public/images/IG portfolio/IMG_8944.JPG
149,public/images/gallery/149.jpg,public/images/IG portfolio/IMG_8951.JPG
150,public/images/gallery/150.jpg,public/images/IG portfolio/IMG_8952.JPG
151,public/images/gallery/151.jpg,public/images/IG portfolio/IMG_8953.JPG
152,public/images/gallery/152.jpg,public/images/IG portfolio/IMG_8954.JPG
153,public/images/gallery/153.jpg,public/images/IG portfolio/IMG_8991.PNG
154,public/images/gallery/154.jpg,public/images/IG portfolio/IMG_9058.JPG
155,public/images/gallery/155.jpg,public/images/IG portfolio/IMG_9064.JPG
156,public/images/gallery/156.jpg,public/images/IG portfolio/IMG_9067.JPG
157,public/images/gallery/157.jpg,public/images/IG portfolio/IMG_9068.JPG
158,public/images/gallery/158.jpg,public/images/IG portfolio/IMG_9109.PNG
159,public/images/gallery/159.jpg,public/images/IG portfolio/IMG_9144.JPG 的副本.jpg
160,public/images/gallery/160.jpg,public/images/IG portfolio/IMG_9146.JPG 的副本.jpg
161,public/images/gallery/161.jpg,public/images/IG portfolio/IMG_9149.JPG 的副本.jpg
162,public/images/gallery/162.jpg,public/images/IG portfolio/IMG_9154.JPG 的副本.jpg
163,public/images/gallery/163.jpg,public/images/IG portfolio/IMG_9155.JPG 的副本.jpg
164,public/images/gallery/164.jpg,public/images/IG portfolio/IMG_9307.JPG
165,public/images/gallery/165.jpg,public/images/IG portfolio/IMG_9308.JPG
166,public/images/gallery/166.jpg,public/images/IG portfolio/IMG_9309.JPG
167,public/images/gallery/167.jpg,public/images/IG portfolio/IMG_9310.JPG
168,public/images/gallery/168.jpg,public/images/IG portfolio/IMG_9371.JPG
169,public/images/gallery/169.jpg,public/images/IG portfolio/IMG_9963.JPG
170,public/images/gallery/170.jpg,public/images/IG portfolio/imgi_1_816194_545142.jpg
171,public/images/gallery/171.jpg,public/images/IG portfolio/imgi_10_864725_246730.jpg
172,public/images/gallery/172.jpg,public/images/IG portfolio/imgi_100_875333_871652.jpg
173,public/images/gallery/173.jpg,public/images/IG portfolio/imgi_101_134415_503374.png
174,public/images/gallery/174.jpg,public/images/IG portfolio/imgi_102_170.jpg
175,public/images/gallery/175.jpg,public/images/IG portfolio/imgi_103_257872_890881.jpg
176,public/images/gallery/176.jpg,public/images/IG portfolio/imgi_104_641836_584216.jpg
177,public/images/gallery/177.jpg,public/images/IG portfolio/imgi_105_914376_389669.jpg
178,public/images/gallery/178.jpg,public/images/IG portfolio/imgi_106_457767_739666.jpg
179,public/images/gallery/179.jpg,public/images/IG portfolio/imgi_107_489666_432177.jpg
180,public/images/gallery/180.jpg,public/images/IG portfolio/imgi_108_249708_570966.jpg
181,public/images/gallery/181.jpg,public/images/IG portfolio/imgi_109_222591_969014.jpg
182,public/images/gallery/182.jpg,public/images/IG portfolio/imgi_11_284967_972728.jpg
183,public/images/gallery/183.jpg,public/images/IG portfolio/imgi_110_864725_246730.jpg
184,public/images/gallery/184.jpg,public/images/IG portfolio/imgi_111_284967_972728.jpg
185,public/images/gallery/185.jpg,public/images/IG portfolio/imgi_112_654507_256520.jpg
186,public/images/gallery/186.jpg,public/images/IG portfolio/imgi_113_945314_658411.jpg
187,public/images/gallery/187.jpg,public/images/IG portfolio/imgi_114_285610_472641.jpg
188,public/images/gallery/188.jpg,public/images/IG portfolio/imgi_115_922905_226370.jpg
189,public/images/gallery/189.jpg,public/images/IG portfolio/imgi_116_669700_435267.jpg
190,public/images/gallery/190.jpg,public/images/IG portfolio/imgi_117_341605_140451.jpg
191,public/images/gallery/191.jpg,public/images/IG portfolio/imgi_118_110309_724456.jpg
192,public/images/gallery/192.jpg,public/images/IG portfolio/imgi_119_776282_607871.jpg
193,public/images/gallery/193.jpg,public/images/IG portfolio/imgi_12_654507_256520.jpg
194,public/images/gallery/194.jpg,public/images/IG portfolio/imgi_120_287228_957684.jpg
195,public/images/gallery/195.jpg,public/images/IG portfolio/imgi_121_177970_218145.jpg
196,public/images/gallery/196.jpg,public/images/IG portfolio/imgi_122_525672_66745.jpg
197,public/images/gallery/197.jpg,public/images/IG portfolio/imgi_123_373433_919925.jpg
198,public/images/gallery/198.jpg,public/images/IG portfolio/imgi_124_335564_231944.jpg
199,public/images/gallery/199.jpg,public/images/IG portfolio/imgi_125_583602_48214.jpg
200,public/images/gallery/200.jpg,public/images/IG portfolio/imgi_126_366887_648114.jpg
201,public/images/gallery/201.jpg,public/images/IG portfolio/imgi_127_262219_685002.jpg
202,public/images/gallery/202.jpg,public/images/IG portfolio/imgi_128_391812_619835.jpg
203,public/images/gallery/203.jpg,public/images/IG portfolio/imgi_129_80035_877583.jpg
204,public/images/gallery/204.jpg,public/images/IG portfolio/imgi_13_945314_658411.jpg
205,public/images/gallery/205.jpg,public/images/IG portfolio/imgi_130_827050_235535.jpg
206,public/images/gallery/206.jpg,public/images/IG portfolio/imgi_131_404457_431844.jpg
207,public/images/gallery/207.jpg,public/images/IG portfolio/imgi_132_635802_198580.jpg
208,public/images/gallery/208.jpg,public/images/IG portfolio/imgi_133_482270_489670.jpg
209,public/images/gallery/209.jpg,public/images/IG portfolio/imgi_134_594898_435325.jpg
210,public/images/gallery/210.jpg,public/images/IG portfolio/imgi_135_664995_236229.jpg
211,public/images/gallery/211.jpg,public/images/IG portfolio/imgi_136_110883_512009.jpg
212,public/images/gallery/212.jpg,public/images/IG portfolio/imgi_137_693459_193775.jpg
213,public/images/gallery/213.jpg,public/images/IG portfolio/imgi_138_658892_775557.jpg
214,public/images/gallery/214.jpg,public/images/IG portfolio/imgi_139_259597_560630.jpg
215,public/images/gallery/215.jpg,public/images/IG portfolio/imgi_14_285610_472641.jpg
216,public/images/gallery/216.jpg,public/images/IG portfolio/imgi_140_956635_863616.jpg
217,public/images/gallery/217.jpg,public/images/IG portfolio/imgi_141_461004_111276.jpg
218,public/images/gallery/218.jpg,public/images/IG portfolio/imgi_142_475649_284734.jpg
219,public/images/gallery/219.jpg,public/images/IG portfolio/imgi_143_368717_361281.jpg
220,public/images/gallery/220.jpg,public/images/IG portfolio/imgi_144_305666_147464.jpg
221,public/images/gallery/221.jpg,public/images/IG portfolio/imgi_145_318546_227153.jpg
222,public/images/gallery/222.jpg,public/images/IG portfolio/imgi_146_421715_834053.jpg
223,public/images/gallery/223.jpg,public/images/IG portfolio/imgi_147_674559_788595.jpg
224,public/images/gallery/224.jpg,public/images/IG portfolio/imgi_148_561293_364337.jpg
225,public/images/gallery/225.jpg,public/images/IG portfolio/imgi_149_92244_94221.jpg
226,public/images/gallery/226.jpg,public/images/IG portfolio/imgi_15_922905_226370.jpg
227,public/images/gallery/227.jpg,public/images/IG portfolio/imgi_150_259764_346227.jpg
228,public/images/gallery/228.jpg,public/images/IG portfolio/imgi_153_171.jpg
229,public/images/gallery/229.jpg,public/images/IG portfolio/imgi_16_669700_435267.jpg
230,public/images/gallery/230.jpg,public/images/IG portfolio/imgi_17_341605_140451.jpg
231,public/images/gallery/231.jpg,public/images/IG portfolio/imgi_18_110309_724456.jpg
232,public/images/gallery/232.jpg,public/images/IG portfolio/imgi_19_776282_607871.jpg
233,public/images/gallery/233.jpg,public/images/IG portfolio/imgi_2_194290_437018.png
234,public/images/gallery/234.jpg,public/images/IG portfolio/imgi_20_287228_957684.jpg
235,public/images/gallery/235.jpg,public/images/IG portfolio/imgi_21_177970_218145.jpg
236,public/images/gallery/236.jpg,public/images/IG portfolio/imgi_22_525672_66745.jpg
237,public/images/gallery/237.jpg,public/images/IG portfolio/imgi_23_373433_919925.jpg
238,public/images/gallery/238.jpg,public/images/IG portfolio/imgi_24_335564_231944.jpg
239,public/images/gallery/239.jpg,public/images/IG portfolio/imgi_25_583602_48214.jpg
240,public/images/gallery/240.jpg,public/images/IG portfolio/imgi_26_366887_648114.jpg
241,public/images/gallery/241.jpg,public/images/IG portfolio/imgi_27_262219_685002.jpg
242,public/images/gallery/242.jpg,public/images/IG portfolio/imgi_28_391812_619835.jpg
243,public/images/gallery/243.jpg,public/images/IG portfolio/imgi_29_80035_877583.jpg
244,public/images/gallery/244.jpg,public/images/IG portfolio/imgi_3_257872_890881.jpg
245,public/images/gallery/245.jpg,public/images/IG portfolio/imgi_30_827050_235535.jpg
246,public/images/gallery/246.jpg,public/images/IG portfolio/imgi_31_404457_431844.jpg
247,public/images/gallery/247.jpg,public/images/IG portfolio/imgi_32_635802_198580.jpg
248,public/images/gallery/248.jpg,public/images/IG portfolio/imgi_33_482270_489670.jpg
249,public/images/gallery/249.jpg,public/images/IG portfolio/imgi_34_594898_435325.jpg
250,public/images/gallery/250.jpg,public/images/IG portfolio/imgi_35_664995_236229.jpg
251,public/images/gallery/251.jpg,public/images/IG portfolio/imgi_36_110883_512009.jpg
252,public/images/gallery/252.jpg,public/images/IG portfolio/imgi_37_693459_193775.jpg
253,public/images/gallery/253.jpg,public/images/IG portfolio/imgi_38_658892_775557.jpg
254,public/images/gallery/254.jpg,public/images/IG portfolio/imgi_39_259597_560630.jpg
255,public/images/gallery/255.jpg,public/images/IG portfolio/imgi_4_641836_584216.jpg
256,public/images/gallery/256.jpg,public/images/IG portfolio/imgi_40_956635_863616.jpg
257,public/images/gallery/257.jpg,public/images/IG portfolio/imgi_41_461004_111276.jpg
258,public/images/gallery/258.jpg,public/images/IG portfolio/imgi_42_475649_284734.jpg
259,public/images/gallery/259.jpg,public/images/IG portfolio/imgi_43_368717_361281.jpg
260,public/images/gallery/260.jpg,public/images/IG portfolio/imgi_44_305666_147464.jpg
261,public/images/gallery/261.jpg,public/images/IG portfolio/imgi_45_318546_227153.jpg
262,public/images/gallery/262.jpg,public/images/IG portfolio/imgi_46_421715_834053.jpg
263,public/images/gallery/263.jpg,public/images/IG portfolio/imgi_47_674559_788595.jpg
264,public/images/gallery/264.jpg,public/images/IG portfolio/imgi_48_561293_364337.jpg
265,public/images/gallery/265.jpg,public/images/IG portfolio/imgi_49_92244_94221.jpg
266,public/images/gallery/266.jpg,public/images/IG portfolio/imgi_5_914376_389669.jpg
267,public/images/gallery/267.jpg,public/images/IG portfolio/imgi_50_259764_346227.jpg
268,public/images/gallery/268.jpg,public/images/IG portfolio/imgi_51_257872_890881.jpg
269,public/images/gallery/269.jpg,public/images/IG portfolio/imgi_52_641836_584216.jpg
270,public/images/gallery/270.jpg,public/images/IG portfolio/imgi_53_914376_389669.jpg
271,public/images/gallery/271.jpg,public/images/IG portfolio/imgi_54_457767_739666.jpg
272,public/images/gallery/272.jpg,public/images/IG portfolio/imgi_55_489666_432177.jpg
273,public/images/gallery/273.jpg,public/images/IG portfolio/imgi_56_249708_570966.jpg
274,public/images/gallery/274.jpg,public/images/IG portfolio/imgi_57_222591_969014.jpg
275,public/images/gallery/275.jpg,public/images/IG portfolio/imgi_58_864725_246730.jpg
276,public/images/gallery/276.jpg,public/images/IG portfolio/imgi_59_284967_972728.jpg
277,public/images/gallery/277.jpg,public/images/IG portfolio/imgi_6_457767_739666.jpg
278,public/images/gallery/278.jpg,public/images/IG portfolio/imgi_60_654507_256520.jpg
279,public/images/gallery/279.jpg,public/images/IG portfolio/imgi_61_945314_658411.jpg
280,public/images/gallery/280.jpg,public/images/IG portfolio/imgi_62_285610_472641.jpg
281,public/images/gallery/281.jpg,public/images/IG portfolio/imgi_63_922905_226370.jpg
282,public/images/gallery/282.jpg,public/images/IG portfolio/imgi_64_669700_435267.jpg
283,public/images/gallery/283.jpg,public/images/IG portfolio/imgi_65_341605_140451.jpg
284,public/images/gallery/284.jpg,public/images/IG portfolio/imgi_66_110309_724456.jpg
285,public/images/gallery/285.jpg,public/images/IG portfolio/imgi_67_776282_607871.jpg
286,public/images/gallery/286.jpg,public/images/IG portfolio/imgi_68_287228_957684.jpg
287,public/images/gallery/287.jpg,public/images/IG portfolio/imgi_69_177970_218145.jpg
288,public/images/gallery/288.jpg,public/images/IG portfolio/imgi_7_489666_432177.jpg
289,public/images/gallery/289.jpg,public/images/IG portfolio/imgi_70_525672_66745.jpg
290,public/images/gallery/290.jpg,public/images/IG portfolio/imgi_71_373433_919925.jpg
291,public/images/gallery/291.jpg,public/images/IG portfolio/imgi_72_335564_231944.jpg
292,public/images/gallery/292.jpg,public/images/IG portfolio/imgi_73_583602_48214.jpg
293,public/images/gallery/293.jpg,public/images/IG portfolio/imgi_74_366887_648114.jpg
294,public/images/gallery/294.jpg,public/images/IG portfolio/imgi_75_262219_685002.jpg
295,public/images/gallery/295.jpg,public/images/IG portfolio/imgi_76_391812_619835.jpg
296,public/images/gallery/296.jpg,public/images/IG portfolio/imgi_77_80035_877583.jpg
297,public/images/gallery/297.jpg,public/images/IG portfolio/imgi_78_827050_235535.jpg
298,public/images/gallery/298.jpg,public/images/IG portfolio/imgi_79_404457_431844.jpg
299,public/images/gallery/299.jpg,public/images/IG portfolio/imgi_8_249708_570966.jpg
300,public/images/gallery/300.jpg,public/images/IG portfolio/imgi_80_635802_198580.jpg
301,public/images/gallery/301.jpg,public/images/IG portfolio/imgi_81_482270_489670.jpg
302,public/images/gallery/302.jpg,public/images/IG portfolio/imgi_82_594898_435325.jpg
303,public/images/gallery/303.jpg,public/images/IG portfolio/imgi_83_664995_236229.jpg
304,public/images/gallery/304.jpg,public/images/IG portfolio/imgi_84_110883_512009.jpg
305,public/images/gallery/305.jpg,public/images/IG portfolio/imgi_85_693459_193775.jpg
306,public/images/gallery/306.jpg,public/images/IG portfolio/imgi_86_658892_775557.jpg
307,public/images/gallery/307.jpg,public/images/IG portfolio/imgi_87_259597_560630.jpg
308,public/images/gallery/308.jpg,public/images/IG portfolio/imgi_88_956635_863616.jpg
309,public/images/gallery/309.jpg,public/images/IG portfolio/imgi_89_461004_111276.jpg
310,public/images/gallery/310.jpg,public/images/IG portfolio/imgi_9_222591_969014.jpg
311,public/images/gallery/311.jpg,public/images/IG portfolio/imgi_90_475649_284734.jpg
312,public/images/gallery/312.jpg,public/images/IG portfolio/imgi_91_368717_361281.jpg
313,public/images/gallery/313.jpg,public/images/IG portfolio/imgi_92_305666_147464.jpg
314,public/images/gallery/314.jpg,public/images/IG portfolio/imgi_93_318546_227153.jpg
315,public/images/gallery/315.jpg,public/images/IG portfolio/imgi_94_421715_834053.jpg
316,public/images/gallery/316.jpg,public/images/IG portfolio/imgi_95_674559_788595.jpg
317,public/images/gallery/317.jpg,public/images/IG portfolio/imgi_96_561293_364337.jpg
318,public/images/gallery/318.jpg,public/images/IG portfolio/imgi_97_92244_94221.jpg
319,public/images/gallery/319.jpg,public/images/IG portfolio/imgi_98_259764_346227.jpg
320,public/images/gallery/320.jpg,public/images/IG portfolio/imgi_99_470058_28253.png
321,public/images/gallery/321.jpg,public/images/IG portfolio/process-01.JPG
